level_id,fail_sessions,retry_sessions,RMI_pct
LvL1,8,7,87.5
LvL2,6,4,66.66666666666667
LvL3,7,5,71.42857142857143
LvL4,3,1,33.333333333333336
