level_id,sessions,mean_ASR,median_ASR,mean_RL_s,median_RL_s,mean_DAR,median_DAR
LvL1,54,1.0158163303030303,0.9399835999999999,6.41677311969697,4.110009,0.9642944597490052,1.0
LvL2,16,0.893319763,0.8134418,4.954608800000001,4.690238,0.9566666666666667,1.0
LvL3,13,0.9327412416666667,0.9036221,3.8917572916666665,2.8321195,0.7397907647907648,0.8819444444444444
LvL4,4,1.1020372,1.0346899999999999,9.0025088,7.02317,0.8418181818181818,0.9090909090909091
