level_id,sessions,mean_ASR,median_ASR,mean_RL_s,median_RL_s,mean_DAR,median_DAR
LvL1,267,0.9072075323390152,0.9139756666666667,5.8324679088068185,3.2235,0.9259917413935271,1.0
LvL2,83,0.9750068669354839,1.0312840833333334,5.5129615564516135,4.173,0.9358650911929601,1.0
LvL3,51,0.8567178088685016,0.870424,6.702622871559632,4.821,0.7822881501780584,0.875
LvL4,21,0.953279370967742,0.9037408333333333,4.980292967741936,3.817858,0.8086510263929618,0.9090909090909091
