sessions,mean_ASR,median_ASR,mean_RL_s,median_RL_s,mean_DAR,median_DAR
54,0.9809239031304348,0.9218502000000001,5.7479471382608684,3.432821,0.9107898864420604,1.0
