level_id,fail_sessions,retry_sessions,RMI_pct
LvL1,83,51,61.44578313253012
LvL2,44,24,54.54545454545455
LvL3,36,23,63.888888888888886
LvL4,12,5,41.666666666666664
