sessions,mean_ASR,median_ASR,mean_RL_s,median_RL_s,mean_DAR,median_DAR
270,0.9142399424512988,0.920582,5.879238493344156,3.9318925,0.8957296930123018,1.0
